{
    "mae": 5.44014759716164,
    "mse": 68.04666515502636,
    "rmse": 8.24904025660115
}