{
    "mae": 6.585192087087731,
    "mse": 90.73842860338813,
    "rmse": 9.525672081453788
}