{
    "mae": 7.004348198603436,
    "mse": 102.57730725842151,
    "rmse": 10.12804557940087
}